timestamp,price,inventory
2026-01-01 00:00:00,100.99,477
2026-01-01 01:00:00,99.72,504
2026-01-01 02:00:00,101.3,509
2026-01-01 03:00:00,103.05,522
2026-01-01 04:00:00,99.53,531
2026-01-01 05:00:00,99.53,479
2026-01-01 06:00:00,103.16,483
2026-01-01 07:00:00,101.53,474
2026-01-01 08:00:00,99.06,495
2026-01-01 09:00:00,101.09,509
2026-01-01 10:00:00,99.07,519
2026-01-01 11:00:00,99.07,498
2026-01-01 12:00:00,100.48,493
2026-01-01 13:00:00,96.17,503
2026-01-01 14:00:00,96.55,483
2026-01-01 15:00:00,98.88,541
2026-01-01 16:00:00,97.97,467
2026-01-01 17:00:00,100.63,503
2026-01-01 18:00:00,98.18,540
2026-01-01 19:00:00,97.18,500
2026-01-01 20:00:00,102.93,496
2026-01-01 21:00:00,99.55,492
2026-01-01 22:00:00,100.14,496
2026-01-01 23:00:00,97.15,527
2026-01-02 00:00:00,98.91,455
2026-01-02 01:00:00,100.22,530
2026-01-02 02:00:00,97.7,471
2026-01-02 03:00:00,100.75,494
2026-01-02 04:00:00,98.8,491
2026-01-02 05:00:00,99.42,511
2026-01-02 06:00:00,98.8,468
2026-01-02 07:00:00,103.7,509
2026-01-02 08:00:00,99.97,540
2026-01-02 09:00:00,97.88,472
2026-01-02 10:00:00,101.65,503
2026-01-02 11:00:00,97.56,486
2026-01-02 12:00:00,100.42,508
2026-01-02 13:00:00,96.08,500
2026-01-02 14:00:00,97.34,487
2026-01-02 15:00:00,100.39,509
2026-01-02 16:00:00,101.48,536
2026-01-02 17:00:00,100.34,496
2026-01-02 18:00:00,99.77,514
2026-01-02 19:00:00,99.4,474
2026-01-02 20:00:00,97.04,480
2026-01-02 21:00:00,98.56,509
2026-01-02 22:00:00,99.08,529
2026-01-02 23:00:00,102.11,507
2026-01-03 00:00:00,100.69,493
2026-01-03 01:00:00,96.47,499
2026-01-03 02:00:00,100.65,474
2026-01-03 03:00:00,99.23,512
2026-01-03 04:00:00,98.65,517
2026-01-03 05:00:00,101.22,490
2026-01-03 06:00:00,102.06,490
2026-01-03 07:00:00,101.86,505
2026-01-03 08:00:00,98.32,491
2026-01-03 09:00:00,99.38,498
2026-01-03 10:00:00,100.66,541
2026-01-03 11:00:00,101.95,495
2026-01-03 12:00:00,99.04,492
2026-01-03 13:00:00,99.63,487
2026-01-03 14:00:00,97.79,514
2026-01-03 15:00:00,97.61,496
2026-01-03 16:00:00,101.63,487
2026-01-03 17:00:00,102.71,526
2026-01-03 18:00:00,99.86,528
2026-01-03 19:00:00,102.01,487
2026-01-03 20:00:00,100.72,462
2026-01-03 21:00:00,98.71,520
2026-01-03 22:00:00,100.72,486
2026-01-03 23:00:00,103.08,515
2026-01-04 00:00:00,99.93,460
2026-01-04 01:00:00,103.13,517
2026-01-04 02:00:00,94.76,475
2026-01-04 03:00:00,101.64,514
2026-01-04 04:00:00,100.17,500
2026-01-04 05:00:00,99.4,480
2026-01-04 06:00:00,100.18,491
2026-01-04 07:00:00,96.02,513
2026-01-04 08:00:00,99.56,502
2026-01-04 09:00:00,100.71,511
2026-01-04 10:00:00,102.96,539
2026-01-04 11:00:00,98.96,468
2026-01-04 12:00:00,98.38,532
2026-01-04 13:00:00,99.0,502
2026-01-04 14:00:00,101.83,482
2026-01-04 15:00:00,100.66,473
2026-01-04 16:00:00,98.94,496
2026-01-04 17:00:00,101.03,518
2026-01-04 18:00:00,100.19,497
2026-01-04 19:00:00,101.94,530
2026-01-04 20:00:00,98.6,470
2026-01-04 21:00:00,99.34,499
2026-01-04 22:00:00,99.22,474
2026-01-04 23:00:00,97.07,507
2026-01-05 00:00:00,100.59,517
2026-01-05 01:00:00,100.52,491
2026-01-05 02:00:00,100.01,447
2026-01-05 03:00:00,99.53,503
2026-01-05 04:00:00,97.17,508
2026-01-05 05:00:00,99.16,508
2026-01-05 06:00:00,99.31,524
2026-01-05 07:00:00,98.4,478
2026-01-05 08:00:00,99.68,513
2026-01-05 09:00:00,100.81,523
2026-01-05 10:00:00,103.77,464
2026-01-05 11:00:00,100.35,506
2026-01-05 12:00:00,100.52,489
2026-01-05 13:00:00,99.85,498
2026-01-05 14:00:00,96.16,506
2026-01-05 15:00:00,99.95,490
2026-01-05 16:00:00,100.12,486
2026-01-05 17:00:00,104.93,500
2026-01-05 18:00:00,99.62,478
2026-01-05 19:00:00,100.6,478
2026-01-05 20:00:00,99.93,513
2026-01-05 21:00:00,97.66,477
2026-01-05 22:00:00,102.29,513
2026-01-05 23:00:00,101.5,509
2026-01-06 00:00:00,101.58,465
2026-01-06 01:00:00,98.18,486
2026-01-06 02:00:00,102.81,523
2026-01-06 03:00:00,97.2,480
2026-01-06 04:00:00,101.17,490
2026-01-06 05:00:00,104.38,509
2026-01-06 06:00:00,98.02,515
2026-01-06 07:00:00,98.87,494
2026-01-06 08:00:00,100.2,488
2026-01-06 09:00:00,98.99,528
2026-01-06 10:00:00,96.9,534
2026-01-06 11:00:00,100.14,519
2026-01-06 12:00:00,97.88,501
2026-01-06 13:00:00,100.95,483
2026-01-06 14:00:00,98.16,483
2026-01-06 15:00:00,103.1,510
2026-01-06 16:00:00,98.43,508
2026-01-06 17:00:00,99.36,528
2026-01-06 18:00:00,101.63,513
2026-01-06 19:00:00,97.54,469
2026-01-06 20:00:00,100.45,521
2026-01-06 21:00:00,102.61,480
2026-01-06 22:00:00,96.79,492
2026-01-06 23:00:00,100.37,505
2026-01-07 00:00:00,100.52,539
2026-01-07 01:00:00,101.56,562
2026-01-07 02:00:00,97.53,512
2026-01-07 03:00:00,97.36,496
2026-01-07 04:00:00,101.04,510
2026-01-07 05:00:00,100.59,517
2026-01-07 06:00:00,100.5,493
2026-01-07 07:00:00,100.69,535
2026-01-07 08:00:00,98.64,504
2026-01-07 09:00:00,100.46,509
2026-01-07 10:00:00,100.59,513
2026-01-07 11:00:00,98.57,508
2026-01-07 12:00:00,103.73,516
2026-01-07 13:00:00,100.95,487
2026-01-07 14:00:00,97.62,488
2026-01-07 15:00:00,101.31,477
2026-01-07 16:00:00,98.05,508
2026-01-07 17:00:00,101.57,515
2026-01-07 18:00:00,102.32,509
2026-01-07 19:00:00,98.36,533
2026-01-07 20:00:00,101.93,499
2026-01-07 21:00:00,100.83,513
2026-01-07 22:00:00,101.64,478
2026-01-07 23:00:00,103.79,492
2026-01-08 00:00:00,99.51,513
2026-01-08 01:00:00,98.49,516
2026-01-08 02:00:00,98.22,494
2026-01-08 03:00:00,98.37,498
2026-01-08 04:00:00,99.85,469
2026-01-08 05:00:00,100.68,492
2026-01-08 06:00:00,100.55,517
2026-01-08 07:00:00,101.65,511
2026-01-08 08:00:00,100.03,510
2026-01-08 09:00:00,102.91,500
2026-01-08 10:00:00,99.47,500
2026-01-08 11:00:00,105.44,486
2026-01-08 12:00:00,101.25,513
2026-01-08 13:00:00,98.29,508
2026-01-08 14:00:00,97.86,509
2026-01-08 15:00:00,100.96,489
2026-01-08 16:00:00,99.55,456
2026-01-08 17:00:00,101.43,521
2026-01-08 18:00:00,100.95,490
2026-01-08 19:00:00,99.85,482
2026-01-08 20:00:00,98.31,513
2026-01-08 21:00:00,96.97,492
2026-01-08 22:00:00,99.11,521
2026-01-08 23:00:00,101.71,512
2026-01-09 00:00:00,100.43,513
2026-01-09 01:00:00,97.51,472
2026-01-09 02:00:00,100.35,524
2026-01-09 03:00:00,100.77,505
2026-01-09 04:00:00,98.23,492
2026-01-09 05:00:00,100.31,502
2026-01-09 06:00:00,100.12,464
2026-01-09 07:00:00,97.71,508
2026-01-09 08:00:00,100.72,479
2026-01-09 09:00:00,101.12,472
2026-01-09 10:00:00,102.17,469
2026-01-09 11:00:00,102.11,522
2026-01-09 12:00:00,97.24,487
2026-01-09 13:00:00,98.12,530
2026-01-09 14:00:00,101.03,489
2026-01-09 15:00:00,101.03,465
2026-01-09 16:00:00,101.03,477
2026-01-09 17:00:00,107.71,524
2026-01-09 18:00:00,101.14,496
2026-01-09 19:00:00,102.27,489
2026-01-09 20:00:00,101.91,503
2026-01-09 21:00:00,101.3,510
2026-01-09 22:00:00,99.37,522
2026-01-09 23:00:00,101.52,528
2026-01-10 00:00:00,98.45,492
2026-01-10 01:00:00,99.53,473
2026-01-10 02:00:00,99.03,491
2026-01-10 03:00:00,100.16,505
2026-01-10 04:00:00,104.63,480
2026-01-10 05:00:00,96.27,480
2026-01-10 06:00:00,101.37,506
2026-01-10 07:00:00,96.77,499
2026-01-10 08:00:00,99.06,500
2026-01-10 09:00:00,102.18,484
2026-01-10 10:00:00,100.13,495
2026-01-10 11:00:00,97.84,481
2026-01-10 12:00:00,98.57,517
2026-01-10 13:00:00,101.36,520
2026-01-10 14:00:00,98.54,463
2026-01-10 15:00:00,100.43,481
2026-01-10 16:00:00,100.09,470
2026-01-10 17:00:00,98.7,486
2026-01-10 18:00:00,104.29,498
2026-01-10 19:00:00,101.27,471
2026-01-10 20:00:00,95.95,481
2026-01-10 21:00:00,100.37,479
2026-01-10 22:00:00,98.68,504
2026-01-10 23:00:00,101.7,501
2026-01-11 00:00:00,98.41,485
2026-01-11 01:00:00,99.77,503
2026-01-11 02:00:00,101.01,489
2026-01-11 03:00:00,101.73,494
2026-01-11 04:00:00,97.6,533
2026-01-11 05:00:00,99.33,526
2026-01-11 06:00:00,99.05,474
2026-01-11 07:00:00,98.69,516
2026-01-11 08:00:00,103.53,516
2026-01-11 09:00:00,100.81,477
2026-01-11 10:00:00,97.48,516
2026-01-11 11:00:00,101.84,530
2026-01-11 12:00:00,104.24,477
2026-01-11 13:00:00,102.06,481
2026-01-11 14:00:00,96.96,520
2026-01-11 15:00:00,99.03,505
2026-01-11 16:00:00,102.53,511
2026-01-11 17:00:00,98.58,506
2026-01-11 18:00:00,100.89,507
2026-01-11 19:00:00,101.55,473
2026-01-11 20:00:00,98.15,520
2026-01-11 21:00:00,99.88,523
2026-01-11 22:00:00,93.52,495
2026-01-11 23:00:00,97.95,499
2026-01-12 00:00:00,99.49,469
2026-01-12 01:00:00,97.5,510
2026-01-12 02:00:00,103.26,511
2026-01-12 03:00:00,97.14,498
2026-01-12 04:00:00,99.12,522
2026-01-12 05:00:00,100.26,493
2026-01-12 06:00:00,102.88,511
2026-01-12 07:00:00,97.13,479
2026-01-12 08:00:00,102.33,499
2026-01-12 09:00:00,100.02,496
2026-01-12 10:00:00,98.04,504
2026-01-12 11:00:00,100.92,492
2026-01-12 12:00:00,100.4,497
2026-01-12 13:00:00,98.8,516
2026-01-12 14:00:00,100.14,491
2026-01-12 15:00:00,99.23,467
2026-01-12 16:00:00,100.23,534
2026-01-12 17:00:00,101.32,527
2026-01-12 18:00:00,103.17,474
2026-01-12 19:00:00,97.52,513
2026-01-12 20:00:00,104.27,489
2026-01-12 21:00:00,96.1,505
2026-01-12 22:00:00,99.7,505
2026-01-12 23:00:00,101.18,495
2026-01-13 00:00:00,100.56,484
2026-01-13 01:00:00,98.75,486
2026-01-13 02:00:00,99.58,481
2026-01-13 03:00:00,99.01,483
2026-01-13 04:00:00,98.82,498
2026-01-13 05:00:00,101.7,485
2026-01-13 06:00:00,100.71,513
2026-01-13 07:00:00,98.61,529
2026-01-13 08:00:00,101.8,488
2026-01-13 09:00:00,100.61,504
2026-01-13 10:00:00,101.63,509
2026-01-13 11:00:00,101.26,509
2026-01-13 12:00:00,98.34,501
2026-01-13 13:00:00,98.88,514
2026-01-13 14:00:00,101.49,509
2026-01-13 15:00:00,101.22,475
2026-01-13 16:00:00,99.96,517
2026-01-13 17:00:00,100.23,517
2026-01-13 18:00:00,102.56,484
2026-01-13 19:00:00,98.82,500
2026-01-13 20:00:00,101.09,513
2026-01-13 21:00:00,99.6,495
2026-01-13 22:00:00,99.56,521
2026-01-13 23:00:00,102.2,547
2026-01-14 00:00:00,101.65,484
2026-01-14 01:00:00,101.63,472
2026-01-14 02:00:00,102.61,506
2026-01-14 03:00:00,100.04,514
2026-01-14 04:00:00,101.36,495
2026-01-14 05:00:00,99.38,529
2026-01-14 06:00:00,100.65,473
2026-01-14 07:00:00,99.74,513
2026-01-14 08:00:00,100.19,487
2026-01-14 09:00:00,101.19,534
2026-01-14 10:00:00,98.36,539
2026-01-14 11:00:00,104.18,484
2026-01-14 12:00:00,97.99,489
2026-01-14 13:00:00,97.57,517
2026-01-14 14:00:00,102.32,492
2026-01-14 15:00:00,101.58,499
2026-01-14 16:00:00,101.25,500
2026-01-14 17:00:00,101.26,461
2026-01-14 18:00:00,99.98,499
2026-01-14 19:00:00,98.21,486
2026-01-14 20:00:00,100.15,490
2026-01-14 21:00:00,98.65,528
2026-01-14 22:00:00,101.95,474
2026-01-14 23:00:00,99.71,516
2026-01-15 00:00:00,98.35,494
2026-01-15 01:00:00,99.36,494
2026-01-15 02:00:00,100.83,515
2026-01-15 03:00:00,98.87,506
2026-01-15 04:00:00,98.36,511
2026-01-15 05:00:00,100.49,519
2026-01-15 06:00:00,100.49,493
2026-01-15 07:00:00,98.99,487
2026-01-15 08:00:00,99.06,478
2026-01-15 09:00:00,100.46,483
2026-01-15 10:00:00,97.1,558
2026-01-15 11:00:00,97.19,524
2026-01-15 12:00:00,98.56,472
2026-01-15 13:00:00,99.57,473
2026-01-15 14:00:00,100.62,509
2026-01-15 15:00:00,102.95,510
2026-01-15 16:00:00,101.72,510
2026-01-15 17:00:00,99.68,494
2026-01-15 18:00:00,99.96,497
2026-01-15 19:00:00,97.99,506
2026-01-15 20:00:00,99.96,501
2026-01-15 21:00:00,99.42,455
2026-01-15 22:00:00,100.65,495
2026-01-15 23:00:00,98.35,482
2026-01-16 00:00:00,101.04,503
2026-01-16 01:00:00,103.07,559
2026-01-16 02:00:00,99.78,507
2026-01-16 03:00:00,100.8,493
2026-01-16 04:00:00,101.38,518
2026-01-16 05:00:00,99.2,509
2026-01-16 06:00:00,100.45,508
2026-01-16 07:00:00,100.03,512
2026-01-16 08:00:00,100.2,541
2026-01-16 09:00:00,98.45,477
2026-01-16 10:00:00,100.05,509
2026-01-16 11:00:00,101.0,481
2026-01-16 12:00:00,102.9,511
2026-01-16 13:00:00,101.92,481
2026-01-16 14:00:00,104.31,491
2026-01-16 15:00:00,98.47,494
2026-01-16 16:00:00,101.74,519
2026-01-16 17:00:00,100.37,518
2026-01-16 18:00:00,104.38,475
2026-01-16 19:00:00,98.38,501
2026-01-16 20:00:00,98.32,485
2026-01-16 21:00:00,98.8,474
2026-01-16 22:00:00,95.75,495
2026-01-16 23:00:00,98.95,493
2026-01-17 00:00:00,98.48,548
2026-01-17 01:00:00,100.3,508
2026-01-17 02:00:00,100.68,472
2026-01-17 03:00:00,103.75,488
2026-01-17 04:00:00,101.9,520
2026-01-17 05:00:00,98.85,541
2026-01-17 06:00:00,98.2,468
2026-01-17 07:00:00,100.98,462
2026-01-17 08:00:00,97.36,537
2026-01-17 09:00:00,103.66,507
2026-01-17 10:00:00,102.36,482
2026-01-17 11:00:00,99.06,510
2026-01-17 12:00:00,96.57,447
2026-01-17 13:00:00,102.71,500
2026-01-17 14:00:00,99.77,506
2026-01-17 15:00:00,102.48,518
2026-01-17 16:00:00,96.81,479
2026-01-17 17:00:00,98.8,501
2026-01-17 18:00:00,100.01,481
2026-01-17 19:00:00,100.09,505
2026-01-17 20:00:00,99.1,482
2026-01-17 21:00:00,101.25,491
2026-01-17 22:00:00,97.86,480
2026-01-17 23:00:00,99.72,513
2026-01-18 00:00:00,100.24,517
2026-01-18 01:00:00,101.03,495
2026-01-18 02:00:00,101.42,500
2026-01-18 03:00:00,97.75,471
2026-01-18 04:00:00,96.93,494
2026-01-18 05:00:00,102.56,498
2026-01-18 06:00:00,100.66,552
2026-01-18 07:00:00,98.5,477
2026-01-18 08:00:00,103.1,529
2026-01-18 09:00:00,100.23,519
2026-01-18 10:00:00,102.36,505
2026-01-18 11:00:00,100.14,535
2026-01-18 12:00:00,104.12,507
2026-01-18 13:00:00,103.51,507
2026-01-18 14:00:00,99.5,498
2026-01-18 15:00:00,101.94,524
2026-01-18 16:00:00,101.29,521
2026-01-18 17:00:00,102.74,487
2026-01-18 18:00:00,98.07,473
2026-01-18 19:00:00,101.37,495
2026-01-18 20:00:00,102.12,483
2026-01-18 21:00:00,96.48,498
2026-01-18 22:00:00,97.63,524
2026-01-18 23:00:00,95.92,490
2026-01-19 00:00:00,99.46,499
2026-01-19 01:00:00,101.44,501
2026-01-19 02:00:00,103.0,516
2026-01-19 03:00:00,100.15,455
2026-01-19 04:00:00,103.26,487
2026-01-19 05:00:00,97.24,504
2026-01-19 06:00:00,96.59,524
2026-01-19 07:00:00,99.89,490
2026-01-19 08:00:00,100.77,462
2026-01-19 09:00:00,99.93,512
2026-01-19 10:00:00,95.87,487
2026-01-19 11:00:00,99.82,476
2026-01-19 12:00:00,97.39,487
2026-01-19 13:00:00,101.34,496
2026-01-19 14:00:00,100.73,487
2026-01-19 15:00:00,98.12,455
2026-01-19 16:00:00,98.97,517
2026-01-19 17:00:00,97.88,525
2026-01-19 18:00:00,99.87,513
2026-01-19 19:00:00,101.91,477
2026-01-19 20:00:00,98.03,495
2026-01-19 21:00:00,101.01,499
2026-01-19 22:00:00,98.94,511
2026-01-19 23:00:00,98.41,513
2026-01-20 00:00:00,99.79,485
2026-01-20 01:00:00,97.93,501
2026-01-20 02:00:00,98.89,509
2026-01-20 03:00:00,97.6,529
2026-01-20 04:00:00,103.93,514
2026-01-20 05:00:00,100.07,515
2026-01-20 06:00:00,98.6,501
2026-01-20 07:00:00,100.43,528
2026-01-20 08:00:00,99.78,508
2026-01-20 09:00:00,99.56,482
2026-01-20 10:00:00,101.23,528
2026-01-20 11:00:00,101.52,513
2026-01-20 12:00:00,98.94,491
2026-01-20 13:00:00,98.85,490
2026-01-20 14:00:00,99.45,505
2026-01-20 15:00:00,95.4,509
2026-01-20 16:00:00,96.97,503
2026-01-20 17:00:00,102.73,506
2026-01-20 18:00:00,103.29,533
2026-01-20 19:00:00,99.5,521
2026-01-20 20:00:00,101.15,503
2026-01-20 21:00:00,100.62,518
2026-01-20 22:00:00,106.16,479
2026-01-20 23:00:00,102.24,507
2026-01-21 00:00:00,99.74,536
2026-01-21 01:00:00,98.09,495
2026-01-21 02:00:00,96.79,483
2026-01-21 03:00:00,100.41,486
2026-01-21 04:00:00,98.49,478
2026-01-21 05:00:00,97.16,484
2026-01-21 06:00:00,98.71,492
2026-01-21 07:00:00,97.84,471
2026-01-21 08:00:00,103.37,500
2026-01-21 09:00:00,101.76,518
2026-01-21 10:00:00,99.98,481
2026-01-21 11:00:00,102.96,530
2026-01-21 12:00:00,100.15,510
2026-01-21 13:00:00,98.28,520
2026-01-21 14:00:00,103.05,486
2026-01-21 15:00:00,101.08,517
2026-01-21 16:00:00,97.93,478
2026-01-21 17:00:00,99.62,517
2026-01-21 18:00:00,98.25,503
2026-01-21 19:00:00,97.23,511
2026-01-21 20:00:00,12.5,476
2026-01-21 21:00:00,103.82,482
2026-01-21 22:00:00,97.2,511
2026-01-21 23:00:00,101.13,481
2026-01-22 00:00:00,98.7,509
2026-01-22 01:00:00,99.03,472
2026-01-22 02:00:00,98.82,516
2026-01-22 03:00:00,98.27,475
2026-01-22 04:00:00,100.1,511
2026-01-22 05:00:00,98.34,512
2026-01-22 06:00:00,100.54,486
2026-01-22 07:00:00,99.9,511
2026-01-22 08:00:00,99.52,505
2026-01-22 09:00:00,98.18,489
2026-01-22 10:00:00,98.85,479
2026-01-22 11:00:00,101.51,460
2026-01-22 12:00:00,101.0,506
2026-01-22 13:00:00,98.04,468
2026-01-22 14:00:00,100.2,501
2026-01-22 15:00:00,101.5,494
2026-01-22 16:00:00,96.66,513
2026-01-22 17:00:00,101.09,493
2026-01-22 18:00:00,98.67,493
2026-01-22 19:00:00,101.14,514
2026-01-22 20:00:00,98.47,506
2026-01-22 21:00:00,96.39,506
2026-01-22 22:00:00,96.74,509
2026-01-22 23:00:00,100.1,469
2026-01-23 00:00:00,100.52,515
2026-01-23 01:00:00,98.19,512
2026-01-23 02:00:00,101.28,479
2026-01-23 03:00:00,96.68,495
2026-01-23 04:00:00,99.87,499
2026-01-23 05:00:00,97.58,497
2026-01-23 06:00:00,98.7,506
2026-01-23 07:00:00,100.09,528
2026-01-23 08:00:00,98.28,521
2026-01-23 09:00:00,99.23,473
2026-01-23 10:00:00,102.01,512
2026-01-23 11:00:00,98.85,526
2026-01-23 12:00:00,101.67,507
2026-01-23 13:00:00,97.74,521
2026-01-23 14:00:00,101.06,540
2026-01-23 15:00:00,102.88,520
2026-01-23 16:00:00,95.06,504
2026-01-23 17:00:00,98.41,520
2026-01-23 18:00:00,101.15,502
2026-01-23 19:00:00,99.59,500
2026-01-23 20:00:00,100.74,492
2026-01-23 21:00:00,98.79,531
2026-01-23 22:00:00,100.17,483
2026-01-23 23:00:00,99.69,530
2026-01-24 00:00:00,102.34,509
2026-01-24 01:00:00,100.51,472
2026-01-24 02:00:00,100.68,507
2026-01-24 03:00:00,99.18,457
2026-01-24 04:00:00,99.02,512
2026-01-24 05:00:00,99.13,517
2026-01-24 06:00:00,100.79,488
2026-01-24 07:00:00,99.16,502
2026-01-24 08:00:00,100.58,539
2026-01-24 09:00:00,104.15,489
2026-01-24 10:00:00,101.74,478
2026-01-24 11:00:00,99.35,529
2026-01-24 12:00:00,102.4,539
2026-01-24 13:00:00,99.18,500
2026-01-24 14:00:00,95.92,520
2026-01-24 15:00:00,97.98,526
2026-01-24 16:00:00,96.26,485
2026-01-24 17:00:00,99.3,490
2026-01-24 18:00:00,100.04,524
2026-01-24 19:00:00,103.35,533
2026-01-24 20:00:00,100.65,511
2026-01-24 21:00:00,99.56,482
2026-01-24 22:00:00,101.66,539
2026-01-24 23:00:00,95.58,489
2026-01-25 00:00:00,100.47,493
2026-01-25 01:00:00,101.54,506
2026-01-25 02:00:00,97.04,531
2026-01-25 03:00:00,102.29,517
2026-01-25 04:00:00,100.68,508
2026-01-25 05:00:00,99.17,509
2026-01-25 06:00:00,101.27,500
2026-01-25 07:00:00,104.54,511
2026-01-25 08:00:00,100.36,449
2026-01-25 09:00:00,100.5,494
2026-01-25 10:00:00,99.08,504
2026-01-25 11:00:00,98.3,476
2026-01-25 12:00:00,101.66,507
2026-01-25 13:00:00,98.29,495
2026-01-25 14:00:00,100.14,535
2026-01-25 15:00:00,99.04,531
2026-01-25 16:00:00,100.96,490
2026-01-25 17:00:00,100.67,496
2026-01-25 18:00:00,102.08,498
2026-01-25 19:00:00,98.98,490
2026-01-25 20:00:00,99.46,503
2026-01-25 21:00:00,98.04,484
2026-01-25 22:00:00,99.11,477
2026-01-25 23:00:00,100.75,512
2026-01-26 00:00:00,101.51,512
2026-01-26 01:00:00,98.16,483
2026-01-26 02:00:00,101.74,517
2026-01-26 03:00:00,102.71,487
2026-01-26 04:00:00,100.83,505
2026-01-26 05:00:00,103.75,516
2026-01-26 06:00:00,98.45,499
2026-01-26 07:00:00,97.51,509
2026-01-26 08:00:00,96.44,489
2026-01-26 09:00:00,102.99,496
2026-01-26 10:00:00,101.31,495
2026-01-26 11:00:00,99.89,485
2026-01-26 12:00:00,100.56,496
2026-01-26 13:00:00,97.75,469
2026-01-26 14:00:00,104.89,490
2026-01-26 15:00:00,100.26,494
2026-01-26 16:00:00,100.22,494
2026-01-26 17:00:00,101.45,495
2026-01-26 18:00:00,100.96,498
2026-01-26 19:00:00,100.45,509
2026-01-26 20:00:00,98.42,517
2026-01-26 21:00:00,100.94,487
2026-01-26 22:00:00,103.76,475
2026-01-26 23:00:00,102.69,479
2026-01-27 00:00:00,103.19,490
2026-01-27 01:00:00,98.98,492
2026-01-27 02:00:00,98.02,484
2026-01-27 03:00:00,99.75,474
2026-01-27 04:00:00,100.11,490
2026-01-27 05:00:00,102.19,503
2026-01-27 06:00:00,96.62,511
2026-01-27 07:00:00,103.06,488
2026-01-27 08:00:00,99.68,491
2026-01-27 09:00:00,99.15,481
2026-01-27 10:00:00,97.98,499
2026-01-27 11:00:00,96.69,483
2026-01-27 12:00:00,101.65,511
2026-01-27 13:00:00,100.15,464
2026-01-27 14:00:00,97.42,492
2026-01-27 15:00:00,97.41,506
2026-01-27 16:00:00,99.33,503
2026-01-27 17:00:00,103.34,553
2026-01-27 18:00:00,99.48,506
2026-01-27 19:00:00,96.99,479
2026-01-27 20:00:00,99.51,498
2026-01-27 21:00:00,99.45,464
2026-01-27 22:00:00,94.61,498
2026-01-27 23:00:00,99.89,483
2026-01-28 00:00:00,99.54,518
2026-01-28 01:00:00,101.39,489
2026-01-28 02:00:00,103.7,497
2026-01-28 03:00:00,102.25,487
2026-01-28 04:00:00,99.46,534
2026-01-28 05:00:00,97.79,493
2026-01-28 06:00:00,105.15,536
2026-01-28 07:00:00,100.12,516
2026-01-28 08:00:00,100.03,509
2026-01-28 09:00:00,99.95,507
2026-01-28 10:00:00,100.4,507
2026-01-28 11:00:00,99.71,461
2026-01-28 12:00:00,98.85,494
2026-01-28 13:00:00,98.91,516
2026-01-28 14:00:00,99.93,499
2026-01-28 15:00:00,98.91,471
2026-01-28 16:00:00,98.57,498
2026-01-28 17:00:00,100.21,534
2026-01-28 18:00:00,99.49,524
2026-01-28 19:00:00,103.01,498
2026-01-28 20:00:00,94.7,519
2026-01-28 21:00:00,102.18,492
2026-01-28 22:00:00,102.49,465
2026-01-28 23:00:00,95.85,481
2026-01-29 00:00:00,99.31,531
2026-01-29 01:00:00,99.26,494
2026-01-29 02:00:00,97.18,495
2026-01-29 03:00:00,98.44,494
2026-01-29 04:00:00,97.78,538
2026-01-29 05:00:00,103.5,532
2026-01-29 06:00:00,101.87,544
2026-01-29 07:00:00,102.54,496
2026-01-29 08:00:00,101.44,505
2026-01-29 09:00:00,97.74,469
2026-01-29 10:00:00,98.95,529
2026-01-29 11:00:00,100.98,476
2026-01-29 12:00:00,97.56,504
2026-01-29 13:00:00,101.43,478
2026-01-29 14:00:00,99.52,488
2026-01-29 15:00:00,99.25,483
2026-01-29 16:00:00,101.42,487
2026-01-29 17:00:00,100.89,489
2026-01-29 18:00:00,99.28,489
2026-01-29 19:00:00,102.32,516
2026-01-29 20:00:00,97.84,477
2026-01-29 21:00:00,101.23,504
2026-01-29 22:00:00,101.19,524
2026-01-29 23:00:00,99.38,489
2026-01-30 00:00:00,100.65,485
2026-01-30 01:00:00,97.5,495
2026-01-30 02:00:00,101.85,523
2026-01-30 03:00:00,99.63,503
2026-01-30 04:00:00,98.95,489
2026-01-30 05:00:00,102.1,509
2026-01-30 06:00:00,98.59,477
2026-01-30 07:00:00,97.18,513
2026-01-30 08:00:00,96.89,508
2026-01-30 09:00:00,101.21,493
2026-01-30 10:00:00,97.44,483
2026-01-30 11:00:00,103.51,482
2026-01-30 12:00:00,95.84,510
2026-01-30 13:00:00,103.39,524
2026-01-30 14:00:00,100.42,487
2026-01-30 15:00:00,99.81,509
2026-01-30 16:00:00,98.91,458
2026-01-30 17:00:00,100.8,488
2026-01-30 18:00:00,99.92,499
2026-01-30 19:00:00,102.21,481
2026-01-30 20:00:00,100.23,481
2026-01-30 21:00:00,100.3,486
2026-01-30 22:00:00,99.27,505
2026-01-30 23:00:00,99.89,496
2026-01-31 00:00:00,100.62,455
2026-01-31 01:00:00,96.58,457
2026-01-31 02:00:00,97.3,487
2026-01-31 03:00:00,101.49,509
2026-01-31 04:00:00,100.34,445
2026-01-31 05:00:00,99.63,490
2026-01-31 06:00:00,100.04,489
2026-01-31 07:00:00,100.7,527
2026-01-31 08:00:00,98.92,492
2026-01-31 09:00:00,98.44,507
2026-01-31 10:00:00,100.39,502
2026-01-31 11:00:00,98.04,457
2026-01-31 12:00:00,100.82,515
2026-01-31 13:00:00,96.59,504
2026-01-31 14:00:00,102.06,510
2026-01-31 15:00:00,100.95,578
2026-01-31 16:00:00,100.51,458
2026-01-31 17:00:00,101.97,534
2026-01-31 18:00:00,103.33,494
2026-01-31 19:00:00,102.03,505
2026-01-31 20:00:00,96.32,499
2026-01-31 21:00:00,97.44,491
2026-01-31 22:00:00,98.75,488
2026-01-31 23:00:00,100.05,506
2026-02-01 00:00:00,101.04,469
2026-02-01 01:00:00,98.55,515
2026-02-01 02:00:00,100.37,491
2026-02-01 03:00:00,98.49,477
2026-02-01 04:00:00,98.78,490
2026-02-01 05:00:00,97.19,525
2026-02-01 06:00:00,98.15,489
2026-02-01 07:00:00,97.3,507
2026-02-01 08:00:00,98.05,485
2026-02-01 09:00:00,102.11,515
2026-02-01 10:00:00,98.1,513
2026-02-01 11:00:00,105.26,536
2026-02-01 12:00:00,100.99,496
2026-02-01 13:00:00,100.37,513
2026-02-01 14:00:00,98.28,501
2026-02-01 15:00:00,101.4,525
2026-02-01 16:00:00,98.85,485
2026-02-01 17:00:00,100.24,514
2026-02-01 18:00:00,105.12,496
2026-02-01 19:00:00,99.81,498
2026-02-01 20:00:00,102.3,501
2026-02-01 21:00:00,98.59,505
2026-02-01 22:00:00,99.93,497
2026-02-01 23:00:00,103.54,504
2026-02-02 00:00:00,98.75,531
2026-02-02 01:00:00,103.62,519
2026-02-02 02:00:00,101.42,517
2026-02-02 03:00:00,98.88,490
2026-02-02 04:00:00,101.26,482
2026-02-02 05:00:00,101.95,519
2026-02-02 06:00:00,101.24,517
2026-02-02 07:00:00,96.86,529
2026-02-02 08:00:00,98.55,487
2026-02-02 09:00:00,99.5,495
2026-02-02 10:00:00,99.85,467
2026-02-02 11:00:00,101.24,492
2026-02-02 12:00:00,100.36,519
2026-02-02 13:00:00,97.33,490
2026-02-02 14:00:00,100.76,512
2026-02-02 15:00:00,101.22,496
2026-02-02 16:00:00,101.12,506
2026-02-02 17:00:00,102.16,477
2026-02-02 18:00:00,101.67,501
2026-02-02 19:00:00,100.92,440
2026-02-02 20:00:00,99.86,496
2026-02-02 21:00:00,96.68,467
2026-02-02 22:00:00,100.86,524
2026-02-02 23:00:00,100.42,515
2026-02-03 00:00:00,100.54,509
2026-02-03 01:00:00,97.45,530
2026-02-03 02:00:00,97.84,481
2026-02-03 03:00:00,102.11,534
2026-02-03 04:00:00,99.92,518
2026-02-03 05:00:00,101.36,495
2026-02-03 06:00:00,100.06,522
2026-02-03 07:00:00,100.06,477
2026-02-03 08:00:00,101.88,483
2026-02-03 09:00:00,98.97,487
2026-02-03 10:00:00,100.19,489
2026-02-03 11:00:00,99.08,478
2026-02-03 12:00:00,99.13,524
2026-02-03 13:00:00,99.38,494
2026-02-03 14:00:00,100.44,507
2026-02-03 15:00:00,99.04,488
2026-02-03 16:00:00,102.51,463
2026-02-03 17:00:00,98.21,505
2026-02-03 18:00:00,99.63,461
2026-02-03 19:00:00,99.12,498
2026-02-03 20:00:00,102.89,472
2026-02-03 21:00:00,100.39,539
2026-02-03 22:00:00,102.06,518
2026-02-03 23:00:00,97.03,502
2026-02-04 00:00:00,100.53,525
2026-02-04 01:00:00,101.78,483
2026-02-04 02:00:00,100.16,510
2026-02-04 03:00:00,102.13,503
2026-02-04 04:00:00,98.97,505
2026-02-04 05:00:00,102.82,525
2026-02-04 06:00:00,104.6,514
2026-02-04 07:00:00,99.27,505
2026-02-04 08:00:00,99.11,466
2026-02-04 09:00:00,102.91,480
2026-02-04 10:00:00,103.16,497
2026-02-04 11:00:00,98.95,501
2026-02-04 12:00:00,99.16,477
2026-02-04 13:00:00,99.44,548
2026-02-04 14:00:00,97.31,530
2026-02-04 15:00:00,98.16,512
2026-02-04 16:00:00,97.99,501
2026-02-04 17:00:00,98.46,495
2026-02-04 18:00:00,99.93,480
2026-02-04 19:00:00,100.47,501
2026-02-04 20:00:00,103.1,505
2026-02-04 21:00:00,98.0,475
2026-02-04 22:00:00,101.97,506
2026-02-04 23:00:00,99.57,496
2026-02-05 00:00:00,99.9,461
2026-02-05 01:00:00,101.35,482
2026-02-05 02:00:00,97.75,491
2026-02-05 03:00:00,100.76,537
2026-02-05 04:00:00,100.33,511
2026-02-05 05:00:00,100.98,473
2026-02-05 06:00:00,100.58,509
2026-02-05 07:00:00,104.91,469
2026-02-05 08:00:00,98.72,521
2026-02-05 09:00:00,98.94,490
2026-02-05 10:00:00,98.75,498
2026-02-05 11:00:00,98.89,526
2026-02-05 12:00:00,98.73,474
2026-02-05 13:00:00,102.38,472
2026-02-05 14:00:00,102.84,488
2026-02-05 15:00:00,98.86,520
2026-02-05 16:00:00,98.34,469
2026-02-05 17:00:00,100.94,443
2026-02-05 18:00:00,98.9,490
2026-02-05 19:00:00,101.27,511
2026-02-05 20:00:00,100.41,524
2026-02-05 21:00:00,96.97,490
2026-02-05 22:00:00,103.1,491
2026-02-05 23:00:00,103.59,523
2026-02-06 00:00:00,98.77,462
2026-02-06 01:00:00,99.22,492
2026-02-06 02:00:00,100.57,503
2026-02-06 03:00:00,100.67,508
2026-02-06 04:00:00,101.32,489
2026-02-06 05:00:00,104.02,500
2026-02-06 06:00:00,99.65,450
2026-02-06 07:00:00,98.4,486
2026-02-06 08:00:00,97.24,509
2026-02-06 09:00:00,98.54,480
2026-02-06 10:00:00,99.93,501
2026-02-06 11:00:00,103.59,508
2026-02-06 12:00:00,98.96,493
2026-02-06 13:00:00,100.45,503
2026-02-06 14:00:00,99.97,480
2026-02-06 15:00:00,102.38,495
2026-02-06 16:00:00,105.05,512
2026-02-06 17:00:00,98.94,503
2026-02-06 18:00:00,99.02,488
2026-02-06 19:00:00,102.09,504
2026-02-06 20:00:00,101.36,514
2026-02-06 21:00:00,103.69,459
2026-02-06 22:00:00,101.17,523
2026-02-06 23:00:00,99.28,493
2026-02-07 00:00:00,101.18,508
2026-02-07 01:00:00,102.22,523
2026-02-07 02:00:00,101.64,472
2026-02-07 03:00:00,101.01,485
2026-02-07 04:00:00,102.13,494
2026-02-07 05:00:00,102.34,484
2026-02-07 06:00:00,102.76,534
2026-02-07 07:00:00,101.3,482
2026-02-07 08:00:00,99.67,488
2026-02-07 09:00:00,100.29,504
2026-02-07 10:00:00,102.41,475
2026-02-07 11:00:00,98.37,492
2026-02-07 12:00:00,100.74,506
2026-02-07 13:00:00,99.21,493
2026-02-07 14:00:00,100.06,498
2026-02-07 15:00:00,102.56,489
2026-02-07 16:00:00,100.38,469
2026-02-07 17:00:00,100.09,506
2026-02-07 18:00:00,97.28,535
2026-02-07 19:00:00,101.49,500
2026-02-07 20:00:00,101.29,504
2026-02-07 21:00:00,104.33,513
2026-02-07 22:00:00,99.38,474
2026-02-07 23:00:00,100.44,534
2026-02-08 00:00:00,100.5,504
2026-02-08 01:00:00,103.15,532
2026-02-08 02:00:00,99.81,485
2026-02-08 03:00:00,100.56,536
2026-02-08 04:00:00,101.22,515
2026-02-08 05:00:00,100.37,511
2026-02-08 06:00:00,99.11,504
2026-02-08 07:00:00,100.39,495
2026-02-08 08:00:00,102.15,524
2026-02-08 09:00:00,97.95,502
2026-02-08 10:00:00,100.27,460
2026-02-08 11:00:00,98.6,477
2026-02-08 12:00:00,102.39,496
2026-02-08 13:00:00,96.95,506
2026-02-08 14:00:00,98.88,498
2026-02-08 15:00:00,100.75,524
2026-02-08 16:00:00,103.13,460
2026-02-08 17:00:00,99.87,502
2026-02-08 18:00:00,98.89,463
2026-02-08 19:00:00,103.76,515
2026-02-08 20:00:00,97.1,498
2026-02-08 21:00:00,95.6,508
2026-02-08 22:00:00,100.88,482
2026-02-08 23:00:00,99.0,525
2026-02-09 00:00:00,97.96,520
2026-02-09 01:00:00,101.42,511
2026-02-09 02:00:00,100.49,497
2026-02-09 03:00:00,98.87,511
2026-02-09 04:00:00,97.44,485
2026-02-09 05:00:00,101.74,517
2026-02-09 06:00:00,101.3,532
2026-02-09 07:00:00,99.8,521
2026-02-09 08:00:00,103.69,485
2026-02-09 09:00:00,97.86,507
2026-02-09 10:00:00,96.95,474
2026-02-09 11:00:00,98.62,511
2026-02-09 12:00:00,99.91,509
2026-02-09 13:00:00,100.49,462
2026-02-09 14:00:00,99.52,476
2026-02-09 15:00:00,100.7,494
2026-02-09 16:00:00,97.5,493
2026-02-09 17:00:00,102.89,475
2026-02-09 18:00:00,99.84,507
2026-02-09 19:00:00,102.23,505
2026-02-09 20:00:00,100.69,496
2026-02-09 21:00:00,100.91,484
2026-02-09 22:00:00,101.14,520
2026-02-09 23:00:00,100.9,533
2026-02-10 00:00:00,101.29,490
2026-02-10 01:00:00,102.66,487
2026-02-10 02:00:00,100.39,509
2026-02-10 03:00:00,101.42,492
2026-02-10 04:00:00,99.82,497
2026-02-10 05:00:00,102.88,514
2026-02-10 06:00:00,98.65,461
2026-02-10 07:00:00,103.6,526
2026-02-10 08:00:00,99.92,501
2026-02-10 09:00:00,97.14,491
2026-02-10 10:00:00,100.26,498
2026-02-10 11:00:00,98.64,499
2026-02-10 12:00:00,101.68,465
2026-02-10 13:00:00,98.69,529
2026-02-10 14:00:00,99.11,500
2026-02-10 15:00:00,96.22,508
2026-02-10 16:00:00,99.1,519
2026-02-10 17:00:00,95.15,479
2026-02-10 18:00:00,96.83,509
2026-02-10 19:00:00,101.52,494
2026-02-10 20:00:00,101.57,516
2026-02-10 21:00:00,100.85,457
2026-02-10 22:00:00,98.07,498
2026-02-10 23:00:00,99.9,487
2026-02-11 00:00:00,99.99,508
2026-02-11 01:00:00,97.68,509
2026-02-11 02:00:00,103.01,485
2026-02-11 03:00:00,101.75,485
2026-02-11 04:00:00,99.56,497
2026-02-11 05:00:00,100.05,482
2026-02-11 06:00:00,100.42,516
2026-02-11 07:00:00,95.92,492
2026-02-11 08:00:00,99.51,441
2026-02-11 09:00:00,98.64,492
2026-02-11 10:00:00,98.0,479
2026-02-11 11:00:00,99.44,467
2026-02-11 12:00:00,103.6,475
2026-02-11 13:00:00,101.28,502
2026-02-11 14:00:00,98.86,526
2026-02-11 15:00:00,101.15,506
2026-02-11 16:00:00,102.8,487
2026-02-11 17:00:00,101.85,509
2026-02-11 18:00:00,100.12,490
2026-02-11 19:00:00,98.71,486
2026-02-11 20:00:00,101.4,476
2026-02-11 21:00:00,100.79,464
2026-02-11 22:00:00,101.79,492
2026-02-11 23:00:00,101.27,503
2026-02-12 00:00:00,102.1,498
2026-02-12 01:00:00,98.93,491
2026-02-12 02:00:00,102.63,481
2026-02-12 03:00:00,100.4,512
2026-02-12 04:00:00,104.15,473
2026-02-12 05:00:00,98.62,515
2026-02-12 06:00:00,103.47,479
2026-02-12 07:00:00,100.4,484
2026-02-12 08:00:00,98.7,470
2026-02-12 09:00:00,99.03,489
2026-02-12 10:00:00,99.36,519
2026-02-12 11:00:00,100.85,510
2026-02-12 12:00:00,101.05,519
2026-02-12 13:00:00,98.85,510
2026-02-12 14:00:00,99.95,477
2026-02-12 15:00:00,104.28,493
2026-02-12 16:00:00,103.46,484
2026-02-12 17:00:00,100.87,526
2026-02-12 18:00:00,100.08,476
2026-02-12 19:00:00,100.24,517
2026-02-12 20:00:00,101.23,517
2026-02-12 21:00:00,97.95,536
2026-02-12 22:00:00,99.49,491
2026-02-12 23:00:00,96.66,514
2026-02-13 00:00:00,100.8,545
2026-02-13 01:00:00,101.29,487
2026-02-13 02:00:00,99.03,469
2026-02-13 03:00:00,103.15,462
2026-02-13 04:00:00,97.55,514
2026-02-13 05:00:00,97.07,462
2026-02-13 06:00:00,100.45,492
2026-02-13 07:00:00,102.09,508
2026-02-13 08:00:00,103.37,503
2026-02-13 09:00:00,99.08,508
2026-02-13 10:00:00,102.16,504
2026-02-13 11:00:00,99.92,525
2026-02-13 12:00:00,99.65,480
2026-02-13 13:00:00,101.77,486
2026-02-13 14:00:00,101.3,484
2026-02-13 15:00:00,96.85,516
2026-02-13 16:00:00,102.95,518
2026-02-13 17:00:00,102.76,509
2026-02-13 18:00:00,98.75,523
2026-02-13 19:00:00,100.79,476
2026-02-13 20:00:00,100.99,533
2026-02-13 21:00:00,100.52,530
2026-02-13 22:00:00,98.9,514
2026-02-13 23:00:00,98.66,535
2026-02-14 00:00:00,99.95,466
2026-02-14 01:00:00,102.35,489
2026-02-14 02:00:00,101.09,485
2026-02-14 03:00:00,99.26,514
2026-02-14 04:00:00,101.54,478
2026-02-14 05:00:00,94.3,515
2026-02-14 06:00:00,102.3,527
2026-02-14 07:00:00,96.52,513
2026-02-14 08:00:00,99.28,505
2026-02-14 09:00:00,97.76,480
2026-02-14 10:00:00,97.41,483
2026-02-14 11:00:00,102.32,524
2026-02-14 12:00:00,99.06,515
2026-02-14 13:00:00,100.69,499
2026-02-14 14:00:00,99.91,491
2026-02-14 15:00:00,100.95,459
2026-02-14 16:00:00,100.15,478
2026-02-14 17:00:00,97.43,538
2026-02-14 18:00:00,101.99,474
2026-02-14 19:00:00,99.01,503
2026-02-14 20:00:00,96.89,520
2026-02-14 21:00:00,99.14,474
2026-02-14 22:00:00,103.0,503
2026-02-14 23:00:00,101.7,518
2026-02-15 00:00:00,99.3,500
2026-02-15 01:00:00,99.3,557
2026-02-15 02:00:00,99.36,466
2026-02-15 03:00:00,104.15,521
2026-02-15 04:00:00,100.76,496
2026-02-15 05:00:00,100.86,515
2026-02-15 06:00:00,102.06,508
2026-02-15 07:00:00,100.48,485
2026-02-15 08:00:00,99.48,504
2026-02-15 09:00:00,99.61,462
2026-02-15 10:00:00,99.86,512
2026-02-15 11:00:00,99.93,505
2026-02-15 12:00:00,101.46,512
2026-02-15 13:00:00,100.1,521
2026-02-15 14:00:00,101.47,507
2026-02-15 15:00:00,99.84,502
2026-02-15 16:00:00,100.16,482
2026-02-15 17:00:00,96.0,485
2026-02-15 18:00:00,101.83,523
2026-02-15 19:00:00,100.69,528
2026-02-15 20:00:00,102.0,495
2026-02-15 21:00:00,94.21,500
2026-02-15 22:00:00,104.18,481
2026-02-15 23:00:00,99.72,523
2026-02-16 00:00:00,102.22,513
2026-02-16 01:00:00,97.92,538
2026-02-16 02:00:00,101.23,482
2026-02-16 03:00:00,97.89,492
2026-02-16 04:00:00,98.75,504
2026-02-16 05:00:00,103.83,512
2026-02-16 06:00:00,99.62,495
2026-02-16 07:00:00,100.43,482
2026-02-16 08:00:00,101.74,517
2026-02-16 09:00:00,100.99,514
2026-02-16 10:00:00,100.3,481
2026-02-16 11:00:00,100.73,527
2026-02-16 12:00:00,104.81,523
2026-02-16 13:00:00,99.88,502
2026-02-16 14:00:00,100.4,501
2026-02-16 15:00:00,102.1,511
2026-02-16 16:00:00,102.21,482
2026-02-16 17:00:00,102.37,500
2026-02-16 18:00:00,101.28,456
2026-02-16 19:00:00,97.71,517
2026-02-16 20:00:00,103.27,468
2026-02-16 21:00:00,97.71,530
2026-02-16 22:00:00,100.61,493
2026-02-16 23:00:00,98.49,495
2026-02-17 00:00:00,99.87,487
2026-02-17 01:00:00,100.66,494
2026-02-17 02:00:00,100.64,528
2026-02-17 03:00:00,100.84,450
2026-02-17 04:00:00,103.23,525
2026-02-17 05:00:00,100.91,506
2026-02-17 06:00:00,99.51,475
2026-02-17 07:00:00,101.93,478
2026-02-17 08:00:00,102.38,533
2026-02-17 09:00:00,97.54,481
2026-02-17 10:00:00,101.19,476
2026-02-17 11:00:00,101.4,522
2026-02-17 12:00:00,99.4,506
2026-02-17 13:00:00,102.75,481
2026-02-17 14:00:00,99.7,504
2026-02-17 15:00:00,100.25,479
2026-02-17 16:00:00,99.65,522
2026-02-17 17:00:00,100.03,521
2026-02-17 18:00:00,97.81,510
2026-02-17 19:00:00,97.12,507
2026-02-17 20:00:00,103.19,535
2026-02-17 21:00:00,98.31,499
2026-02-17 22:00:00,98.02,476
2026-02-17 23:00:00,95.69,508
2026-02-18 00:00:00,98.72,541
2026-02-18 01:00:00,97.35,479
2026-02-18 02:00:00,103.28,492
2026-02-18 03:00:00,102.02,508
2026-02-18 04:00:00,98.62,498
2026-02-18 05:00:00,104.5,480
2026-02-18 06:00:00,101.96,522
2026-02-18 07:00:00,99.35,546
2026-02-18 08:00:00,95.0,503
2026-02-18 09:00:00,104.58,481
2026-02-18 10:00:00,97.22,469
2026-02-18 11:00:00,96.71,505
2026-02-18 12:00:00,102.05,522
2026-02-18 13:00:00,104.88,509
2026-02-18 14:00:00,102.77,499
2026-02-18 15:00:00,101.13,488
2026-02-18 16:00:00,101.19,478
2026-02-18 17:00:00,101.71,516
2026-02-18 18:00:00,101.52,518
2026-02-18 19:00:00,100.56,469
2026-02-18 20:00:00,100.21,531
2026-02-18 21:00:00,99.87,511
2026-02-18 22:00:00,98.49,527
2026-02-18 23:00:00,99.44,473
2026-02-19 00:00:00,96.61,472
2026-02-19 01:00:00,99.8,497
2026-02-19 02:00:00,98.02,510
2026-02-19 03:00:00,97.79,535
2026-02-19 04:00:00,100.36,514
2026-02-19 05:00:00,102.78,495
2026-02-19 06:00:00,101.84,479
2026-02-19 07:00:00,96.86,524
2026-02-19 08:00:00,98.02,480
2026-02-19 09:00:00,101.88,532
2026-02-19 10:00:00,98.04,494
2026-02-19 11:00:00,99.55,531
2026-02-19 12:00:00,101.1,513
2026-02-19 13:00:00,98.06,497
2026-02-19 14:00:00,100.21,489
2026-02-19 15:00:00,97.33,493
2026-02-19 16:00:00,98.8,508
2026-02-19 17:00:00,100.64,501
2026-02-19 18:00:00,96.81,488
2026-02-19 19:00:00,100.88,496
2026-02-19 20:00:00,99.96,501
2026-02-19 21:00:00,101.1,457
2026-02-19 22:00:00,100.45,509
2026-02-19 23:00:00,102.73,480
2026-02-20 00:00:00,100.25,-45
2026-02-20 01:00:00,99.14,466
2026-02-20 02:00:00,100.24,464
2026-02-20 03:00:00,101.09,472
2026-02-20 04:00:00,100.1,485
2026-02-20 05:00:00,100.08,539
2026-02-20 06:00:00,98.6,489
2026-02-20 07:00:00,98.67,503
2026-02-20 08:00:00,97.19,508
2026-02-20 09:00:00,103.5,502
2026-02-20 10:00:00,97.51,498
2026-02-20 11:00:00,98.61,476
2026-02-20 12:00:00,98.56,529
2026-02-20 13:00:00,101.79,536
2026-02-20 14:00:00,99.41,466
2026-02-20 15:00:00,102.5,479
2026-02-20 16:00:00,98.65,494
2026-02-20 17:00:00,100.56,480
2026-02-20 18:00:00,98.33,510
2026-02-20 19:00:00,104.29,485
2026-02-20 20:00:00,97.62,543
2026-02-20 21:00:00,100.62,523
2026-02-20 22:00:00,101.27,504
2026-02-20 23:00:00,100.83,520
2026-02-21 00:00:00,99.63,522
2026-02-21 01:00:00,99.74,488
2026-02-21 02:00:00,100.09,483
2026-02-21 03:00:00,99.71,501
2026-02-21 04:00:00,101.93,517
2026-02-21 05:00:00,104.42,502
2026-02-21 06:00:00,98.89,468
2026-02-21 07:00:00,97.26,483
2026-02-21 08:00:00,99.82,498
2026-02-21 09:00:00,105.16,498
2026-02-21 10:00:00,98.39,539
2026-02-21 11:00:00,103.28,472
2026-02-21 12:00:00,103.36,510
2026-02-21 13:00:00,98.89,529
2026-02-21 14:00:00,101.14,545
2026-02-21 15:00:00,103.26,491
2026-02-21 16:00:00,99.24,509
2026-02-21 17:00:00,99.59,511
2026-02-21 18:00:00,98.84,503
2026-02-21 19:00:00,97.97,498
2026-02-21 20:00:00,98.7,508
2026-02-21 21:00:00,97.55,449
2026-02-21 22:00:00,100.07,513
2026-02-21 23:00:00,98.46,502
2026-02-22 00:00:00,100.47,495
2026-02-22 01:00:00,96.89,540
2026-02-22 02:00:00,100.66,486
2026-02-22 03:00:00,101.67,491
2026-02-22 04:00:00,96.01,539
2026-02-22 05:00:00,100.75,483
2026-02-22 06:00:00,102.46,488
2026-02-22 07:00:00,97.58,497
2026-02-22 08:00:00,103.35,516
2026-02-22 09:00:00,100.84,504
2026-02-22 10:00:00,98.59,474
2026-02-22 11:00:00,99.89,489
2026-02-22 12:00:00,101.12,487
2026-02-22 13:00:00,100.15,498
2026-02-22 14:00:00,101.08,508
2026-02-22 15:00:00,98.16,508
2026-02-22 16:00:00,100.34,464
2026-02-22 17:00:00,97.17,521
2026-02-22 18:00:00,99.78,505
2026-02-22 19:00:00,98.19,527
2026-02-22 20:00:00,98.53,508
2026-02-22 21:00:00,102.47,522
2026-02-22 22:00:00,102.18,509
2026-02-22 23:00:00,101.22,526
2026-02-23 00:00:00,97.82,510
2026-02-23 01:00:00,99.37,498
2026-02-23 02:00:00,102.43,545
2026-02-23 03:00:00,100.28,517
2026-02-23 04:00:00,104.64,511
2026-02-23 05:00:00,100.79,474
2026-02-23 06:00:00,100.38,474
2026-02-23 07:00:00,99.38,505
2026-02-23 08:00:00,100.27,502
2026-02-23 09:00:00,99.7,487
2026-02-23 10:00:00,101.42,502
2026-02-23 11:00:00,101.91,531
2026-02-23 12:00:00,98.43,513
2026-02-23 13:00:00,97.34,477
2026-02-23 14:00:00,96.33,497
2026-02-23 15:00:00,101.02,483
2026-02-23 16:00:00,97.79,492
2026-02-23 17:00:00,95.69,491
2026-02-23 18:00:00,100.78,490
2026-02-23 19:00:00,104.99,474
2026-02-23 20:00:00,99.99,497
2026-02-23 21:00:00,101.68,488
2026-02-23 22:00:00,100.16,441
2026-02-23 23:00:00,99.8,541
2026-02-24 00:00:00,101.84,521
2026-02-24 01:00:00,99.42,492
2026-02-24 02:00:00,100.53,500
2026-02-24 03:00:00,100.64,476
2026-02-24 04:00:00,98.66,533
2026-02-24 05:00:00,101.98,537
2026-02-24 06:00:00,99.65,503
2026-02-24 07:00:00,98.49,520
2026-02-24 08:00:00,101.07,503
2026-02-24 09:00:00,98.2,473
2026-02-24 10:00:00,100.06,491
2026-02-24 11:00:00,99.98,502
2026-02-24 12:00:00,102.17,490
2026-02-24 13:00:00,100.95,495
2026-02-24 14:00:00,99.95,498
2026-02-24 15:00:00,101.64,498
2026-02-24 16:00:00,102.78,501
2026-02-24 17:00:00,101.12,478
2026-02-24 18:00:00,100.02,485
2026-02-24 19:00:00,97.38,474
2026-02-24 20:00:00,97.87,519
2026-02-24 21:00:00,99.39,457
2026-02-24 22:00:00,98.78,523
2026-02-24 23:00:00,99.63,527
2026-02-25 00:00:00,100.11,493
2026-02-25 01:00:00,101.06,447
2026-02-25 02:00:00,99.86,492
2026-02-25 03:00:00,100.97,498
2026-02-25 04:00:00,100.13,479
2026-02-25 05:00:00,96.05,489
2026-02-25 06:00:00,98.12,530
2026-02-25 07:00:00,99.71,513
2026-02-25 08:00:00,97.58,481
2026-02-25 09:00:00,101.2,468
2026-02-25 10:00:00,103.06,493
2026-02-25 11:00:00,102.44,495
2026-02-25 12:00:00,99.57,509
2026-02-25 13:00:00,102.98,489
2026-02-25 14:00:00,100.3,510
2026-02-25 15:00:00,99.33,538
2026-02-25 16:00:00,98.77,516
2026-02-25 17:00:00,99.4,499
2026-02-25 18:00:00,99.22,496
2026-02-25 19:00:00,100.34,492
2026-02-25 20:00:00,100.32,523
2026-02-25 21:00:00,100.01,487
2026-02-25 22:00:00,100.87,500
2026-02-25 23:00:00,102.38,501
2026-02-26 00:00:00,101.9,489
2026-02-26 01:00:00,97.03,472
2026-02-26 02:00:00,94.89,506
2026-02-26 03:00:00,101.87,498
2026-02-26 04:00:00,97.27,510
2026-02-26 05:00:00,99.55,489
2026-02-26 06:00:00,97.66,524
2026-02-26 07:00:00,96.4,482
2026-02-26 08:00:00,101.08,534
2026-02-26 09:00:00,101.52,465
2026-02-26 10:00:00,98.85,508
2026-02-26 11:00:00,94.82,509
2026-02-26 12:00:00,98.91,484
2026-02-26 13:00:00,100.78,508
2026-02-26 14:00:00,97.04,525
2026-02-26 15:00:00,100.37,455
2026-02-26 16:00:00,99.97,510
2026-02-26 17:00:00,101.16,450
2026-02-26 18:00:00,100.24,480
2026-02-26 19:00:00,98.05,532
2026-02-26 20:00:00,102.39,488
2026-02-26 21:00:00,99.68,476
2026-02-26 22:00:00,99.95,496
2026-02-26 23:00:00,98.13,541
2026-02-27 00:00:00,99.11,463
2026-02-27 01:00:00,98.23,478
2026-02-27 02:00:00,99.65,529
2026-02-27 03:00:00,103.42,537
2026-02-27 04:00:00,97.26,497
2026-02-27 05:00:00,96.77,475
2026-02-27 06:00:00,102.94,541
2026-02-27 07:00:00,99.58,531
2026-02-27 08:00:00,98.66,513
2026-02-27 09:00:00,102.08,483
2026-02-27 10:00:00,98.79,499
2026-02-27 11:00:00,103.65,496
2026-02-27 12:00:00,101.36,506
2026-02-27 13:00:00,99.02,529
2026-02-27 14:00:00,104.31,517
2026-02-27 15:00:00,98.79,478
2026-02-27 16:00:00,101.48,527
2026-02-27 17:00:00,100.6,506
2026-02-27 18:00:00,102.6,513
2026-02-27 19:00:00,103.12,529
2026-02-27 20:00:00,100.06,477
2026-02-27 21:00:00,98.49,499
2026-02-27 22:00:00,100.92,489
2026-02-27 23:00:00,98.64,468
2026-02-28 00:00:00,104.03,506
2026-02-28 01:00:00,100.27,550
2026-02-28 02:00:00,99.27,463
2026-02-28 03:00:00,100.37,499
2026-02-28 04:00:00,97.31,512
2026-02-28 05:00:00,98.06,502
2026-02-28 06:00:00,102.4,497
2026-02-28 07:00:00,98.69,474
2026-02-28 08:00:00,97.91,504
2026-02-28 09:00:00,101.07,484
2026-02-28 10:00:00,102.37,456
2026-02-28 11:00:00,101.44,523
2026-02-28 12:00:00,101.99,519
2026-02-28 13:00:00,98.49,501
2026-02-28 14:00:00,97.16,504
2026-02-28 15:00:00,103.0,521
2026-02-28 16:00:00,99.35,504
2026-02-28 17:00:00,99.5,518
2026-02-28 18:00:00,102.66,494
2026-02-28 19:00:00,101.11,526
2026-02-28 20:00:00,100.91,506
2026-02-28 21:00:00,104.33,503
2026-02-28 22:00:00,98.71,474
2026-02-28 23:00:00,101.86,505
2026-03-01 00:00:00,100.11,483
2026-03-01 01:00:00,100.54,487
2026-03-01 02:00:00,103.06,483
2026-03-01 03:00:00,101.02,478
2026-03-01 04:00:00,101.08,542
2026-03-01 05:00:00,102.15,526
2026-03-01 06:00:00,99.27,538
2026-03-01 07:00:00,98.32,475
2026-03-01 08:00:00,97.91,501
2026-03-01 09:00:00,96.07,474
2026-03-01 10:00:00,104.11,486
2026-03-01 11:00:00,97.79,481
2026-03-01 12:00:00,99.56,524
2026-03-01 13:00:00,99.45,492
2026-03-01 14:00:00,100.61,521
2026-03-01 15:00:00,101.63,512
2026-03-01 16:00:00,101.72,546
2026-03-01 17:00:00,98.83,470
2026-03-01 18:00:00,99.67,525
2026-03-01 19:00:00,100.57,522
2026-03-01 20:00:00,99.5,480
2026-03-01 21:00:00,103.21,520
2026-03-01 22:00:00,100.98,506
2026-03-01 23:00:00,101.47,495
2026-03-02 00:00:00,101.33,483
2026-03-02 01:00:00,102.35,485
2026-03-02 02:00:00,100.36,540
2026-03-02 03:00:00,97.41,500
2026-03-02 04:00:00,100.8,515
2026-03-02 05:00:00,98.7,484
2026-03-02 06:00:00,98.94,484
2026-03-02 07:00:00,101.17,521
2026-03-02 08:00:00,102.48,473
2026-03-02 09:00:00,100.04,491
2026-03-02 10:00:00,100.62,500
2026-03-02 11:00:00,103.4,502
2026-03-02 12:00:00,100.48,496
2026-03-02 13:00:00,105.2,507
2026-03-02 14:00:00,101.13,513
2026-03-02 15:00:00,96.48,514
2026-03-02 16:00:00,101.51,480
2026-03-02 17:00:00,100.76,494
2026-03-02 18:00:00,102.58,523
2026-03-02 19:00:00,101.35,517
2026-03-02 20:00:00,99.72,472
2026-03-02 21:00:00,97.55,507
2026-03-02 22:00:00,99.58,460
2026-03-02 23:00:00,98.3,500
2026-03-03 00:00:00,98.84,537
2026-03-03 01:00:00,101.18,481
2026-03-03 02:00:00,103.34,483
2026-03-03 03:00:00,100.79,515
2026-03-03 04:00:00,97.61,469
2026-03-03 05:00:00,100.89,487
2026-03-03 06:00:00,102.39,511
2026-03-03 07:00:00,98.78,487
2026-03-03 08:00:00,99.73,495
2026-03-03 09:00:00,100.03,514
2026-03-03 10:00:00,98.43,508
2026-03-03 11:00:00,101.3,505
2026-03-03 12:00:00,99.76,493
2026-03-03 13:00:00,100.84,507
2026-03-03 14:00:00,98.23,497
2026-03-03 15:00:00,99.13,509
2026-03-03 16:00:00,101.44,490
2026-03-03 17:00:00,99.25,496
2026-03-03 18:00:00,103.45,480
2026-03-03 19:00:00,99.2,499
2026-03-03 20:00:00,100.45,483
2026-03-03 21:00:00,101.87,477
2026-03-03 22:00:00,97.16,505
2026-03-03 23:00:00,96.48,504
2026-03-04 00:00:00,96.95,515
2026-03-04 01:00:00,102.53,491
2026-03-04 02:00:00,98.9,508
2026-03-04 03:00:00,105.12,511
2026-03-04 04:00:00,98.87,508
2026-03-04 05:00:00,100.37,483
2026-03-04 06:00:00,103.08,502
2026-03-04 07:00:00,104.01,507
2026-03-04 08:00:00,104.12,500
2026-03-04 09:00:00,102.42,458
2026-03-04 10:00:00,102.05,503
2026-03-04 11:00:00,101.19,544
2026-03-04 12:00:00,101.56,492
2026-03-04 13:00:00,98.9,485
2026-03-04 14:00:00,98.36,507
2026-03-04 15:00:00,99.99,506
2026-03-04 16:00:00,99.66,523
2026-03-04 17:00:00,99.09,474
2026-03-04 18:00:00,101.39,514
2026-03-04 19:00:00,101.91,511
2026-03-04 20:00:00,100.18,497
2026-03-04 21:00:00,102.96,506
2026-03-04 22:00:00,97.72,520
2026-03-04 23:00:00,99.61,517
2026-03-05 00:00:00,98.57,477
2026-03-05 01:00:00,96.27,516
2026-03-05 02:00:00,99.83,498
2026-03-05 03:00:00,99.76,501
2026-03-05 04:00:00,103.03,501
2026-03-05 05:00:00,101.26,496
2026-03-05 06:00:00,97.95,523
2026-03-05 07:00:00,103.71,498
2026-03-05 08:00:00,102.44,477
2026-03-05 09:00:00,101.16,492
2026-03-05 10:00:00,99.55,503
2026-03-05 11:00:00,98.08,524
2026-03-05 12:00:00,99.26,512
2026-03-05 13:00:00,102.18,482
2026-03-05 14:00:00,103.77,549
2026-03-05 15:00:00,103.09,505
2026-03-05 16:00:00,99.02,525
2026-03-05 17:00:00,97.76,496
2026-03-05 18:00:00,100.28,510
2026-03-05 19:00:00,96.46,516
2026-03-05 20:00:00,100.65,524
2026-03-05 21:00:00,99.7,521
2026-03-05 22:00:00,99.07,517
2026-03-05 23:00:00,96.81,493
2026-03-06 00:00:00,101.03,488
2026-03-06 01:00:00,98.93,506
2026-03-06 02:00:00,97.66,518
2026-03-06 03:00:00,94.26,495
2026-03-06 04:00:00,99.94,521
2026-03-06 05:00:00,103.54,529
2026-03-06 06:00:00,103.32,481
2026-03-06 07:00:00,99.09,483
2026-03-06 08:00:00,98.8,497
2026-03-06 09:00:00,100.94,506
2026-03-06 10:00:00,98.0,489
2026-03-06 11:00:00,100.6,527
2026-03-06 12:00:00,101.53,508
2026-03-06 13:00:00,102.45,500
2026-03-06 14:00:00,99.8,471
2026-03-06 15:00:00,99.59,473
2026-03-06 16:00:00,98.24,505
2026-03-06 17:00:00,98.35,457
2026-03-06 18:00:00,99.55,520
2026-03-06 19:00:00,100.73,496
2026-03-06 20:00:00,101.83,564
2026-03-06 21:00:00,98.39,546
2026-03-06 22:00:00,102.99,496
2026-03-06 23:00:00,99.46,497
2026-03-07 00:00:00,99.96,519
2026-03-07 01:00:00,98.51,534
2026-03-07 02:00:00,95.15,467
2026-03-07 03:00:00,101.77,464
2026-03-07 04:00:00,101.47,487
2026-03-07 05:00:00,99.44,511
2026-03-07 06:00:00,100.13,509
2026-03-07 07:00:00,101.03,521
2026-03-07 08:00:00,96.87,476
2026-03-07 09:00:00,98.94,453
2026-03-07 10:00:00,101.59,517
2026-03-07 11:00:00,97.49,483
2026-03-07 12:00:00,100.59,459
2026-03-07 13:00:00,97.29,502
2026-03-07 14:00:00,100.93,515
2026-03-07 15:00:00,99.93,497
2026-03-07 16:00:00,96.77,490
2026-03-07 17:00:00,102.33,496
2026-03-07 18:00:00,98.53,492
2026-03-07 19:00:00,98.38,473
2026-03-07 20:00:00,100.4,485
2026-03-07 21:00:00,102.3,510
2026-03-07 22:00:00,97.97,506
2026-03-07 23:00:00,100.12,503
2026-03-08 00:00:00,100.86,480
2026-03-08 01:00:00,101.39,496
2026-03-08 02:00:00,100.35,456
2026-03-08 03:00:00,99.27,503
2026-03-08 04:00:00,98.34,528
2026-03-08 05:00:00,100.17,470
2026-03-08 06:00:00,97.86,488
2026-03-08 07:00:00,94.16,506
2026-03-08 08:00:00,100.87,525
2026-03-08 09:00:00,101.81,491
2026-03-08 10:00:00,95.27,486
2026-03-08 11:00:00,97.98,460
2026-03-08 12:00:00,101.24,502
2026-03-08 13:00:00,104.11,540
2026-03-08 14:00:00,100.04,505
2026-03-08 15:00:00,98.54,499
2026-03-08 16:00:00,99.63,506
2026-03-08 17:00:00,102.75,499
2026-03-08 18:00:00,98.71,483
2026-03-08 19:00:00,98.4,516
2026-03-08 20:00:00,99.03,504
2026-03-08 21:00:00,98.09,500
2026-03-08 22:00:00,100.25,480
2026-03-08 23:00:00,103.25,526
2026-03-09 00:00:00,100.65,513
2026-03-09 01:00:00,99.5,488
2026-03-09 02:00:00,99.42,520
2026-03-09 03:00:00,96.87,490
2026-03-09 04:00:00,101.77,484
2026-03-09 05:00:00,99.84,484
2026-03-09 06:00:00,99.64,464
2026-03-09 07:00:00,106.39,509
2026-03-09 08:00:00,100.6,463
2026-03-09 09:00:00,98.5,475
2026-03-09 10:00:00,99.15,458
2026-03-09 11:00:00,102.3,498
2026-03-09 12:00:00,100.23,496
2026-03-09 13:00:00,97.12,493
2026-03-09 14:00:00,101.84,479
2026-03-09 15:00:00,98.66,476
2026-03-09 16:00:00,103.75,509
2026-03-09 17:00:00,102.16,488
2026-03-09 18:00:00,99.11,506
2026-03-09 19:00:00,102.56,482
2026-03-09 20:00:00,100.14,503
2026-03-09 21:00:00,101.71,526
2026-03-09 22:00:00,100.97,511
2026-03-09 23:00:00,98.31,491
2026-03-10 00:00:00,98.71,505
2026-03-10 01:00:00,102.06,495
2026-03-10 02:00:00,99.33,500
2026-03-10 03:00:00,99.19,493
2026-03-10 04:00:00,98.09,496
2026-03-10 05:00:00,100.85,504
2026-03-10 06:00:00,104.13,480
2026-03-10 07:00:00,97.86,479
2026-03-10 08:00:00,100.05,472
2026-03-10 09:00:00,102.82,467
2026-03-10 10:00:00,99.84,475
2026-03-10 11:00:00,100.9,503
2026-03-10 12:00:00,97.88,482
2026-03-10 13:00:00,100.86,510
2026-03-10 14:00:00,99.63,500
2026-03-10 15:00:00,101.97,460
2026-03-10 16:00:00,102.37,513
2026-03-10 17:00:00,105.18,516
2026-03-10 18:00:00,101.16,480
2026-03-10 19:00:00,100.65,508
2026-03-10 20:00:00,100.39,482
2026-03-10 21:00:00,99.29,501
2026-03-10 22:00:00,100.68,474
2026-03-10 23:00:00,99.41,464
2026-03-11 00:00:00,100.34,492
2026-03-11 01:00:00,102.64,497
2026-03-11 02:00:00,97.99,492
2026-03-11 03:00:00,102.28,476
2026-03-11 04:00:00,102.63,492
2026-03-11 05:00:00,99.76,505
2026-03-11 06:00:00,95.76,499
2026-03-11 07:00:00,98.78,503
2026-03-11 08:00:00,102.59,486
2026-03-11 09:00:00,99.95,523
2026-03-11 10:00:00,98.0,476
2026-03-11 11:00:00,98.99,509
2026-03-11 12:00:00,101.68,523
2026-03-11 13:00:00,101.09,509
2026-03-11 14:00:00,99.52,495
2026-03-11 15:00:00,99.27,489
2026-03-11 16:00:00,99.22,520
2026-03-11 17:00:00,98.16,471
2026-03-11 18:00:00,103.23,480
2026-03-11 19:00:00,99.36,492
2026-03-11 20:00:00,102.43,524
2026-03-11 21:00:00,103.04,507
2026-03-11 22:00:00,102.0,480
2026-03-11 23:00:00,99.14,493
2026-03-12 00:00:00,100.81,487
2026-03-12 01:00:00,99.95,485
2026-03-12 02:00:00,98.19,519
2026-03-12 03:00:00,100.65,472
2026-03-12 04:00:00,97.64,532
2026-03-12 05:00:00,102.38,516
2026-03-12 06:00:00,99.07,521
2026-03-12 07:00:00,100.4,490
2026-03-12 08:00:00,100.57,497
2026-03-12 09:00:00,99.48,471
2026-03-12 10:00:00,101.17,489
2026-03-12 11:00:00,99.05,509
2026-03-12 12:00:00,101.74,525
2026-03-12 13:00:00,97.31,477
2026-03-12 14:00:00,100.25,492
2026-03-12 15:00:00,103.88,496
2026-03-12 16:00:00,98.0,472
2026-03-12 17:00:00,98.64,511
2026-03-12 18:00:00,101.03,485
2026-03-12 19:00:00,100.36,496
2026-03-12 20:00:00,100.7,490
2026-03-12 21:00:00,100.98,484
2026-03-12 22:00:00,101.27,499
2026-03-12 23:00:00,102.22,495
2026-03-13 00:00:00,100.82,492
2026-03-13 01:00:00,99.52,485
2026-03-13 02:00:00,101.35,506
2026-03-13 03:00:00,103.8,533
2026-03-13 04:00:00,99.73,502
2026-03-13 05:00:00,98.05,519
2026-03-13 06:00:00,102.21,472
2026-03-13 07:00:00,99.76,503
2026-03-13 08:00:00,95.65,478
2026-03-13 09:00:00,101.69,470
2026-03-13 10:00:00,98.93,485
2026-03-13 11:00:00,99.82,523
2026-03-13 12:00:00,100.66,519
2026-03-13 13:00:00,100.38,504
2026-03-13 14:00:00,101.42,469
2026-03-13 15:00:00,99.13,496
2026-03-13 16:00:00,101.03,506
2026-03-13 17:00:00,99.48,503
2026-03-13 18:00:00,101.48,463
2026-03-13 19:00:00,101.23,482
2026-03-13 20:00:00,98.13,498
2026-03-13 21:00:00,102.17,510
2026-03-13 22:00:00,98.93,456
2026-03-13 23:00:00,101.62,496
2026-03-14 00:00:00,100.73,502
2026-03-14 01:00:00,103.68,516
2026-03-14 02:00:00,99.55,513
2026-03-14 03:00:00,99.3,511
2026-03-14 04:00:00,99.96,484
2026-03-14 05:00:00,99.39,461
2026-03-14 06:00:00,101.6,492
2026-03-14 07:00:00,96.77,520
2026-03-14 08:00:00,97.89,527
2026-03-14 09:00:00,97.86,514
2026-03-14 10:00:00,101.9,508
2026-03-14 11:00:00,103.42,507
2026-03-14 12:00:00,99.79,488
2026-03-14 13:00:00,99.66,497
2026-03-14 14:00:00,100.14,533
2026-03-14 15:00:00,102.32,481
2026-03-14 16:00:00,98.15,532
2026-03-14 17:00:00,100.48,493
2026-03-14 18:00:00,101.95,526
2026-03-14 19:00:00,101.0,471
2026-03-14 20:00:00,100.38,511
2026-03-14 21:00:00,102.0,485
2026-03-14 22:00:00,94.59,471
2026-03-14 23:00:00,101.36,504
2026-03-15 00:00:00,98.69,520
2026-03-15 01:00:00,96.34,483
2026-03-15 02:00:00,101.02,470
2026-03-15 03:00:00,102.75,498
2026-03-15 04:00:00,99.73,498
2026-03-15 05:00:00,101.91,510
2026-03-15 06:00:00,103.22,518
2026-03-15 07:00:00,102.63,498
2026-03-15 08:00:00,103.28,537
2026-03-15 09:00:00,101.48,504
2026-03-15 10:00:00,100.15,493
2026-03-15 11:00:00,96.8,467
2026-03-15 12:00:00,99.51,494
2026-03-15 13:00:00,98.31,493
2026-03-15 14:00:00,104.34,519
2026-03-15 15:00:00,99.65,509
2026-03-15 16:00:00,100.25,476
2026-03-15 17:00:00,101.1,503
2026-03-15 18:00:00,100.09,513
2026-03-15 19:00:00,103.39,530
2026-03-15 20:00:00,98.75,517
2026-03-15 21:00:00,100.39,515
2026-03-15 22:00:00,98.52,501
2026-03-15 23:00:00,97.36,507
2026-03-16 00:00:00,98.78,524
2026-03-16 01:00:00,99.93,473
2026-03-16 02:00:00,99.14,493
2026-03-16 03:00:00,98.62,484
2026-03-16 04:00:00,97.19,507
2026-03-16 05:00:00,99.83,524
2026-03-16 06:00:00,96.99,488
2026-03-16 07:00:00,101.52,452
2026-03-16 08:00:00,100.16,491
2026-03-16 09:00:00,97.08,518
2026-03-16 10:00:00,99.38,510
2026-03-16 11:00:00,98.5,508
2026-03-16 12:00:00,100.64,494
2026-03-16 13:00:00,102.68,474
2026-03-16 14:00:00,96.25,510
2026-03-16 15:00:00,100.23,483
2026-03-16 16:00:00,99.68,543
2026-03-16 17:00:00,101.34,511
2026-03-16 18:00:00,100.43,488
2026-03-16 19:00:00,98.5,487
2026-03-16 20:00:00,99.36,498
2026-03-16 21:00:00,98.41,495
2026-03-16 22:00:00,102.15,522
2026-03-16 23:00:00,100.04,503
2026-03-17 00:00:00,103.8,485
2026-03-17 01:00:00,100.03,537
2026-03-17 02:00:00,98.88,500
2026-03-17 03:00:00,97.42,515
2026-03-17 04:00:00,96.99,487
2026-03-17 05:00:00,97.58,507
2026-03-17 06:00:00,101.43,506
2026-03-17 07:00:00,102.07,462
2026-03-17 08:00:00,98.04,540
2026-03-17 09:00:00,103.14,525
2026-03-17 10:00:00,100.53,492
2026-03-17 11:00:00,101.94,477
2026-03-17 12:00:00,105.02,506
2026-03-17 13:00:00,103.74,501
2026-03-17 14:00:00,101.56,507
2026-03-17 15:00:00,100.47,503
2026-03-17 16:00:00,98.1,510
2026-03-17 17:00:00,101.11,528
2026-03-17 18:00:00,102.28,511
2026-03-17 19:00:00,100.88,479
2026-03-17 20:00:00,102.74,527
2026-03-17 21:00:00,103.3,532
2026-03-17 22:00:00,102.85,563
2026-03-17 23:00:00,102.15,477
2026-03-18 00:00:00,103.94,504
2026-03-18 01:00:00,104.63,458
2026-03-18 02:00:00,101.72,511
2026-03-18 03:00:00,106.87,489
2026-03-18 04:00:00,104.0,538
2026-03-18 05:00:00,104.39,484
2026-03-18 06:00:00,105.92,466
2026-03-18 07:00:00,105.12,490
2026-03-18 08:00:00,106.71,460
2026-03-18 09:00:00,105.52,515
2026-03-18 10:00:00,103.88,458
2026-03-18 11:00:00,105.97,500
2026-03-18 12:00:00,103.11,458
2026-03-18 13:00:00,105.77,493
2026-03-18 14:00:00,105.63,532
2026-03-18 15:00:00,105.43,507
2026-03-18 16:00:00,105.74,482
2026-03-18 17:00:00,102.39,499
2026-03-18 18:00:00,105.2,500
2026-03-18 19:00:00,106.64,509
2026-03-18 20:00:00,106.92,472
2026-03-18 21:00:00,104.69,511
2026-03-18 22:00:00,109.43,445
2026-03-18 23:00:00,105.32,487
2026-03-19 00:00:00,109.14,490
2026-03-19 01:00:00,108.2,512
2026-03-19 02:00:00,106.21,500
2026-03-19 03:00:00,111.2,471
2026-03-19 04:00:00,105.41,480
2026-03-19 05:00:00,109.79,503
2026-03-19 06:00:00,110.1,498
2026-03-19 07:00:00,106.91,488
2026-03-19 08:00:00,111.18,490
2026-03-19 09:00:00,108.05,513
2026-03-19 10:00:00,109.28,489
2026-03-19 11:00:00,109.37,498
2026-03-19 12:00:00,108.73,543
2026-03-19 13:00:00,110.77,471
2026-03-19 14:00:00,110.89,462
2026-03-19 15:00:00,105.95,515
2026-03-19 16:00:00,112.21,486
2026-03-19 17:00:00,106.43,493
2026-03-19 18:00:00,111.97,484
2026-03-19 19:00:00,112.3,494
2026-03-19 20:00:00,108.02,531
2026-03-19 21:00:00,109.53,516
2026-03-19 22:00:00,108.29,517
2026-03-19 23:00:00,110.22,471
2026-03-20 00:00:00,110.18,476
2026-03-20 01:00:00,112.51,443
2026-03-20 02:00:00,113.72,483
2026-03-20 03:00:00,114.04,519
2026-03-20 04:00:00,110.28,510
2026-03-20 05:00:00,111.13,495
2026-03-20 06:00:00,108.33,499
2026-03-20 07:00:00,110.24,486
2026-03-20 08:00:00,113.93,504
2026-03-20 09:00:00,115.38,515
2026-03-20 10:00:00,109.83,467
2026-03-20 11:00:00,111.27,505
2026-03-20 12:00:00,112.55,518
2026-03-20 13:00:00,113.31,491
2026-03-20 14:00:00,111.28,514
2026-03-20 15:00:00,113.9,556
2026-03-20 16:00:00,112.25,497
2026-03-20 17:00:00,113.32,507
2026-03-20 18:00:00,114.59,485
2026-03-20 19:00:00,113.66,503
2026-03-20 20:00:00,112.93,509
2026-03-20 21:00:00,113.73,503
2026-03-20 22:00:00,113.92,479
2026-03-20 23:00:00,113.51,504
2026-03-21 00:00:00,113.88,529
2026-03-21 01:00:00,117.75,508
2026-03-21 02:00:00,115.82,519
2026-03-21 03:00:00,114.26,495
2026-03-21 04:00:00,116.39,514
2026-03-21 05:00:00,114.48,505
2026-03-21 06:00:00,117.65,480
2026-03-21 07:00:00,116.19,506
2026-03-21 08:00:00,115.39,480
2026-03-21 09:00:00,116.65,487
2026-03-21 10:00:00,112.76,503
2026-03-21 11:00:00,113.8,505
2026-03-21 12:00:00,113.81,476
2026-03-21 13:00:00,116.64,521
2026-03-21 14:00:00,119.97,511
2026-03-21 15:00:00,121.11,485
2026-03-21 16:00:00,118.08,469
2026-03-21 17:00:00,117.95,497
2026-03-21 18:00:00,113.5,491
2026-03-21 19:00:00,116.16,502
2026-03-21 20:00:00,115.82,492
2026-03-21 21:00:00,116.31,459
2026-03-21 22:00:00,117.36,492
2026-03-21 23:00:00,116.91,493
2026-03-22 00:00:00,114.04,512
2026-03-22 01:00:00,119.65,486
2026-03-22 02:00:00,116.15,533
2026-03-22 03:00:00,118.93,461
2026-03-22 04:00:00,122.75,526
2026-03-22 05:00:00,116.91,495
2026-03-22 06:00:00,113.84,517
2026-03-22 07:00:00,118.48,501
2026-03-22 08:00:00,121.4,522
2026-03-22 09:00:00,123.27,492
2026-03-22 10:00:00,117.04,478
2026-03-22 11:00:00,120.64,528
2026-03-22 12:00:00,118.87,497
2026-03-22 13:00:00,119.74,504
2026-03-22 14:00:00,125.39,524
2026-03-22 15:00:00,117.24,479
2026-03-22 16:00:00,120.91,511
2026-03-22 17:00:00,121.49,488
2026-03-22 18:00:00,122.87,497
2026-03-22 19:00:00,121.05,501
2026-03-22 20:00:00,121.62,469
2026-03-22 21:00:00,120.37,484
2026-03-22 22:00:00,121.84,527
2026-03-22 23:00:00,120.76,517
2026-03-23 00:00:00,122.84,498
2026-03-23 01:00:00,121.01,504
2026-03-23 02:00:00,122.65,494
2026-03-23 03:00:00,121.99,527
2026-03-23 04:00:00,124.45,495
2026-03-23 05:00:00,122.25,504
2026-03-23 06:00:00,118.95,522
2026-03-23 07:00:00,125.17,484
2026-03-23 08:00:00,120.99,531
2026-03-23 09:00:00,121.64,469
2026-03-23 10:00:00,121.91,532
2026-03-23 11:00:00,126.0,492
2026-03-23 12:00:00,119.13,495
2026-03-23 13:00:00,129.83,462
2026-03-23 14:00:00,125.81,490
2026-03-23 15:00:00,124.3,479
2026-03-23 16:00:00,123.89,487
2026-03-23 17:00:00,124.72,497
2026-03-23 18:00:00,125.34,519
2026-03-23 19:00:00,125.74,504
2026-03-23 20:00:00,125.71,506
2026-03-23 21:00:00,124.93,478
2026-03-23 22:00:00,124.51,482
2026-03-23 23:00:00,124.75,535
2026-03-24 00:00:00,99.61,485
2026-03-24 01:00:00,102.27,533
2026-03-24 02:00:00,101.19,495
2026-03-24 03:00:00,94.12,500
2026-03-24 04:00:00,101.31,521
2026-03-24 05:00:00,100.39,525
2026-03-24 06:00:00,99.96,497
2026-03-24 07:00:00,99.22,492
2026-03-24 08:00:00,102.25,498
2026-03-24 09:00:00,101.9,506
2026-03-24 10:00:00,98.45,517
2026-03-24 11:00:00,100.81,500
2026-03-24 12:00:00,98.06,512
2026-03-24 13:00:00,97.24,532
2026-03-24 14:00:00,98.75,507
2026-03-24 15:00:00,101.72,506
2026-03-24 16:00:00,101.91,469
2026-03-24 17:00:00,101.03,447
2026-03-24 18:00:00,101.45,507
2026-03-24 19:00:00,101.03,498
2026-03-24 20:00:00,98.72,489
2026-03-24 21:00:00,100.86,504
2026-03-24 22:00:00,101.6,498
2026-03-24 23:00:00,101.51,522
2026-03-25 00:00:00,102.38,501
2026-03-25 01:00:00,101.42,485
2026-03-25 02:00:00,100.7,519
2026-03-25 03:00:00,102.14,495
2026-03-25 04:00:00,99.95,510
2026-03-25 05:00:00,98.24,490
2026-03-25 06:00:00,99.67,487
2026-03-25 07:00:00,98.51,501
2026-03-25 08:00:00,98.65,500
2026-03-25 09:00:00,99.71,509
2026-03-25 10:00:00,98.42,494
2026-03-25 11:00:00,99.38,463
2026-03-25 12:00:00,96.21,491
2026-03-25 13:00:00,100.43,515
2026-03-25 14:00:00,100.0,494
2026-03-25 15:00:00,98.37,495
2026-03-25 16:00:00,101.32,519
2026-03-25 17:00:00,101.88,485
2026-03-25 18:00:00,96.78,469
2026-03-25 19:00:00,98.47,496
2026-03-25 20:00:00,98.46,490
2026-03-25 21:00:00,98.12,480
2026-03-25 22:00:00,101.66,496
2026-03-25 23:00:00,99.61,509
2026-03-26 00:00:00,99.47,499
2026-03-26 01:00:00,95.99,506
2026-03-26 02:00:00,101.27,536
2026-03-26 03:00:00,97.52,493
2026-03-26 04:00:00,100.12,505
2026-03-26 05:00:00,100.55,489
2026-03-26 06:00:00,102.72,483
2026-03-26 07:00:00,97.38,488
2026-03-26 08:00:00,93.96,490
2026-03-26 09:00:00,100.37,507
2026-03-26 10:00:00,103.6,546
2026-03-26 11:00:00,102.48,485
2026-03-26 12:00:00,100.42,491
2026-03-26 13:00:00,99.02,498
2026-03-26 14:00:00,101.61,507
2026-03-26 15:00:00,98.05,505
2026-03-26 16:00:00,100.95,525
2026-03-26 17:00:00,101.01,451
2026-03-26 18:00:00,102.12,452
2026-03-26 19:00:00,105.52,490
2026-03-26 20:00:00,100.78,521
2026-03-26 21:00:00,98.98,468
2026-03-26 22:00:00,99.95,439
2026-03-26 23:00:00,96.46,511
2026-03-27 00:00:00,98.61,504
2026-03-27 01:00:00,99.18,478
2026-03-27 02:00:00,98.95,480
2026-03-27 03:00:00,100.3,480
2026-03-27 04:00:00,98.36,502
2026-03-27 05:00:00,102.24,487
2026-03-27 06:00:00,100.0,509
2026-03-27 07:00:00,99.98,442
2026-03-27 08:00:00,99.34,482
2026-03-27 09:00:00,100.31,477
2026-03-27 10:00:00,101.65,494
2026-03-27 11:00:00,98.27,489
2026-03-27 12:00:00,98.68,515
2026-03-27 13:00:00,99.39,462
2026-03-27 14:00:00,97.31,500
2026-03-27 15:00:00,98.36,511
2026-03-27 16:00:00,99.05,537
2026-03-27 17:00:00,101.75,490
2026-03-27 18:00:00,100.53,506
2026-03-27 19:00:00,100.39,463
2026-03-27 20:00:00,101.7,452
2026-03-27 21:00:00,99.73,516
2026-03-27 22:00:00,100.78,499
2026-03-27 23:00:00,99.79,523
2026-03-28 00:00:00,100.53,472
2026-03-28 01:00:00,98.83,510
2026-03-28 02:00:00,95.12,537
2026-03-28 03:00:00,99.73,508
2026-03-28 04:00:00,102.85,505
2026-03-28 05:00:00,101.85,500
2026-03-28 06:00:00,101.93,468
2026-03-28 07:00:00,102.47,527
2026-03-28 08:00:00,100.18,487
2026-03-28 09:00:00,100.39,510
2026-03-28 10:00:00,98.76,468
2026-03-28 11:00:00,99.37,476
2026-03-28 12:00:00,101.23,528
2026-03-28 13:00:00,102.41,493
2026-03-28 14:00:00,99.72,529
2026-03-28 15:00:00,99.1,498
2026-03-28 16:00:00,100.0,463
2026-03-28 17:00:00,101.2,517
2026-03-28 18:00:00,97.11,488
2026-03-28 19:00:00,95.41,513
2026-03-28 20:00:00,98.9,500
2026-03-28 21:00:00,97.56,469
2026-03-28 22:00:00,98.98,503
2026-03-28 23:00:00,99.7,543
2026-03-29 00:00:00,99.09,509
2026-03-29 01:00:00,102.9,498
2026-03-29 02:00:00,100.65,521
2026-03-29 03:00:00,100.6,504
2026-03-29 04:00:00,101.24,504
2026-03-29 05:00:00,97.72,478
2026-03-29 06:00:00,102.08,504
2026-03-29 07:00:00,99.85,520
2026-03-29 08:00:00,101.34,483
2026-03-29 09:00:00,97.86,528
2026-03-29 10:00:00,96.89,498
2026-03-29 11:00:00,101.64,482
2026-03-29 12:00:00,100.75,519
2026-03-29 13:00:00,98.2,494
2026-03-29 14:00:00,98.26,515
2026-03-29 15:00:00,102.25,494
2026-03-29 16:00:00,97.62,498
2026-03-29 17:00:00,103.29,509
2026-03-29 18:00:00,98.2,505
2026-03-29 19:00:00,101.28,460
2026-03-29 20:00:00,99.34,477
2026-03-29 21:00:00,101.21,518
2026-03-29 22:00:00,98.91,497
2026-03-29 23:00:00,99.67,489
2026-03-30 00:00:00,100.08,472
2026-03-30 01:00:00,98.0,478
2026-03-30 02:00:00,101.48,459
2026-03-30 03:00:00,98.97,497
2026-03-30 04:00:00,99.54,488
2026-03-30 05:00:00,98.01,480
2026-03-30 06:00:00,94.88,498
2026-03-30 07:00:00,99.62,507
2026-03-30 08:00:00,104.83,541
2026-03-30 09:00:00,101.57,469
2026-03-30 10:00:00,99.96,523
2026-03-30 11:00:00,99.47,519
2026-03-30 12:00:00,100.04,484
2026-03-30 13:00:00,101.09,504
2026-03-30 14:00:00,97.64,490
2026-03-30 15:00:00,102.23,503
2026-03-30 16:00:00,101.43,530
2026-03-30 17:00:00,101.44,512
2026-03-30 18:00:00,100.88,510
2026-03-30 19:00:00,100.04,491
2026-03-30 20:00:00,101.35,470
2026-03-30 21:00:00,101.18,495
2026-03-30 22:00:00,99.29,524
2026-03-30 23:00:00,98.85,469
2026-03-31 00:00:00,100.2,478
2026-03-31 01:00:00,103.1,502
2026-03-31 02:00:00,97.52,480
2026-03-31 03:00:00,97.06,484
2026-03-31 04:00:00,100.33,491
2026-03-31 05:00:00,100.1,472
2026-03-31 06:00:00,100.35,480
2026-03-31 07:00:00,100.49,514
2026-03-31 08:00:00,99.55,473
2026-03-31 09:00:00,102.98,468
2026-03-31 10:00:00,96.8,487
2026-03-31 11:00:00,98.34,514
2026-03-31 12:00:00,99.79,496
2026-03-31 13:00:00,96.71,490
2026-03-31 14:00:00,99.65,500
2026-03-31 15:00:00,103.32,465
2026-03-31 16:00:00,100.04,509
2026-03-31 17:00:00,100.46,507
2026-03-31 18:00:00,97.48,491
2026-03-31 19:00:00,98.77,520
2026-03-31 20:00:00,99.25,477
2026-03-31 21:00:00,99.36,522
2026-03-31 22:00:00,102.56,503
2026-03-31 23:00:00,101.12,493
